location,n_reviews,avg_rating,pos_pct,neg_pct,neu_pct,avg_sentiment_score,median_words
Houston Methodist Hospital,46,4.391304347826087,93.47826086956522,4.3478260869565215,2.1739130434782608,0.3239926210404566,89.5
Houston Methodist St John Hospital,6,2.6666666666666665,50.0,16.666666666666664,33.33333333333333,0.21319444444444446,65.0
Houston Methodist St. Catherine Hospital,2,3.0,50.0,50.0,0.0,0.12117187500000001,153.5
Houston Methodist Sugar Land Hospital,37,3.5135135135135136,78.37837837837837,13.513513513513514,8.108108108108109,0.25399157005511175,97.0
Houston Methodist West Hospital,49,2.5918367346938775,57.14285714285714,20.408163265306122,22.448979591836736,0.17039089184581402,121.0
Houston Methodist Willowbrook Hospital,39,3.1025641025641026,71.7948717948718,17.94871794871795,10.256410256410255,0.1877894120185283,131.0
San Jacinto Methodist Hospital,2,3.0,100.0,0.0,0.0,0.18027389277389277,61.0
