,rating_num,sentiment_score,word_len,char_len
rating_num,1.0,0.6327043056306827,-0.3154297403547335,-0.3065832610507935
sentiment_score,0.6327043056306827,1.0,-0.4157042139257735,-0.41007365912601235
word_len,-0.3154297403547335,-0.4157042139257735,1.0,0.997327363431924
char_len,-0.3065832610507935,-0.41007365912601235,0.997327363431924,1.0
